<?xml version="1.0" encoding="UTF-8"?><rss version="2.0"
	xmlns:content="http://purl.org/rss/1.0/modules/content/"
	xmlns:wfw="http://wellformedweb.org/CommentAPI/"
	xmlns:dc="http://purl.org/dc/elements/1.1/"
	xmlns:atom="http://www.w3.org/2005/Atom"
	xmlns:sy="http://purl.org/rss/1.0/modules/syndication/"
	xmlns:slash="http://purl.org/rss/1.0/modules/slash/"
	>

<channel>
	<title>Arturo Alegría &#8211; Congresista de la república</title>
	<atom:link href="/index.php/feed/" rel="self" type="application/rss+xml" />
	<link></link>
	<description>Otro sitio de WordPress</description>
	<lastBuildDate>Fri, 22 Jul 2022 20:37:17 +0000</lastBuildDate>
	<language>es-PE</language>
	<sy:updatePeriod>
	hourly	</sy:updatePeriod>
	<sy:updateFrequency>
	1	</sy:updateFrequency>
	<generator>https://wordpress.org/?v=6.2.2</generator>
	<item>
		<title>Denuncia contra el premier Anibal Torres</title>
		<link>/index.php/2022/07/04/esta-en-la-entrada-de-prueba-de-julio/</link>
		
		<dc:creator><![CDATA[admin]]></dc:creator>
		<pubDate>Mon, 04 Jul 2022 21:39:06 +0000</pubDate>
				<category><![CDATA[Fiscalización]]></category>
		<guid isPermaLink="false">/?p=174</guid>

					<description><![CDATA[Presenté una denuncia constitucional contra el #premier Aníbal Torres y el exministro de Desarrollo Agrario, Fernando Arce por infracción a la Constitución. Ya basta de jugar con el futuro y sortear el destino del agro en el Perú. ¡Dejen de burlarse del país!]]></description>
										<content:encoded><![CDATA[
<p>Presenté una denuncia constitucional contra el <a href="https://twitter.com/hashtag/premier?src=hashtag_click">#premier</a> Aníbal Torres y el exministro de Desarrollo Agrario, Fernando Arce por infracción a la Constitución. Ya basta de jugar con el futuro y sortear el destino del agro en el Perú. ¡Dejen de burlarse del país!</p>



<figure class="wp-block-embed is-type-rich is-provider-twitter wp-block-embed-twitter"><div class="wp-block-embed__wrapper">
<blockquote class="twitter-tweet" data-width="550" data-dnt="true"><p lang="es" dir="ltr">Presenté una denuncia constitucional contra el <a href="https://twitter.com/hashtag/premier?src=hash&amp;ref_src=twsrc%5Etfw">#premier</a> Aníbal Torres y el exministro de Desarrollo Agrario, Fernando Arce por infracción a la Constitución. Ya basta de jugar con el futuro y sortear el destino del agro en el Perú. ¡Dejen de burlarse del país! <a href="https://t.co/CEGiMn2u1W">pic.twitter.com/CEGiMn2u1W</a></p>&mdash; Arturo Alegría (@arturoalegriag) <a href="https://twitter.com/arturoalegriag/status/1535371466627289088?ref_src=twsrc%5Etfw">June 10, 2022</a></blockquote><script async src="https://platform.twitter.com/widgets.js" charset="utf-8"></script>
</div></figure>
]]></content:encoded>
					
		
		
			</item>
		<item>
		<title>Esta en la entrada de prueba</title>
		<link>/index.php/2022/06/03/esta-en-la-entrada-de-prueba/</link>
		
		<dc:creator><![CDATA[admin]]></dc:creator>
		<pubDate>Fri, 03 Jun 2022 17:12:22 +0000</pubDate>
				<category><![CDATA[Proyectos de ley]]></category>
		<guid isPermaLink="false">/?p=91</guid>

					<description><![CDATA[Donec ullamcorper nulla non metus auctor fringilla. Donec id elit non mi porta gravida at eget metus. Duis mollis, est non commodo luctus, nisi erat porttitor ligula, eget lacinia odio sem nec elit. Morbi leo risus, porta ac consectetur ac, vestibulum at eros. Lorem ipsum dolor sit amet, consectetur adipiscing elit.]]></description>
										<content:encoded><![CDATA[
<p>Donec ullamcorper nulla non metus auctor fringilla. Donec id elit non mi porta gravida at eget metus. Duis mollis, est non commodo luctus, nisi erat porttitor ligula, eget lacinia odio sem nec elit. Morbi leo risus, porta ac consectetur ac, vestibulum at eros. Lorem ipsum dolor sit amet, consectetur adipiscing elit.</p>
]]></content:encoded>
					
		
		
			</item>
	</channel>
</rss>
